{
  "stage11e_shared": {
    "seq_mean": 0.44141384611828893,
    "seq_min": 0.06666666666666667,
    "seq_max": 0.9523809523809523,
    "n": 48,
    "elapsed": 82.75569248199463,
    "state0_rmsd_mean": 0.0001512832799928828,
    "state1_rmsd_mean": 0.20263749566705277,
    "state2_rmsd_mean": 0.19258597708540037
  },
  "stage11g_shared": {
    "seq_mean": 0.4377543240478716,
    "seq_min": 0.06666666666666667,
    "seq_max": 0.9523809523809523,
    "n": 48,
    "elapsed": 79.31927180290222,
    "state0_rmsd_mean": 0.0001512832799928828,
    "state1_rmsd_mean": 0.20263749566705277,
    "state2_rmsd_mean": 0.19258597708540037
  },
  "stage11g_ae": {
    "seq_mean": 0.4377543240478716,
    "seq_min": 0.06666666666666667,
    "seq_max": 0.9523809523809523,
    "n": 48,
    "elapsed": 77.3281455039978,
    "state0_rmsd_mean": 0.0001512832799928828,
    "state1_rmsd_mean": 0.20263749566705277,
    "state2_rmsd_mean": 0.19258597708540037
  }
}