{
  "shared_head_fallback": {
    "seq_mean": 0.44141384611828893,
    "seq_min": 0.06666666666666667,
    "seq_max": 0.9523809523809523,
    "n": 48,
    "elapsed": 82.75569248199463,
    "state0_rmsd_mean": 0.0001512832799928828,
    "state1_rmsd_mean": 0.20263749566705277,
    "state2_rmsd_mean": 0.19258597708540037
  },
  "ae_consensus": {
    "seq_mean": 0.44141384611828893,
    "seq_min": 0.06666666666666667,
    "seq_max": 0.9523809523809523,
    "n": 48,
    "elapsed": 87.42041754722595,
    "state0_rmsd_mean": 0.0001512832799928828,
    "state1_rmsd_mean": 0.20263749566705277,
    "state2_rmsd_mean": 0.19258597708540037
  },
  "hybrid_w05": {
    "seq_mean": 0.44141384611828893,
    "seq_min": 0.06666666666666667,
    "seq_max": 0.9523809523809523,
    "n": 48,
    "elapsed": 83.07810378074646,
    "state0_rmsd_mean": 0.0001512832799928828,
    "state1_rmsd_mean": 0.20263749566705277,
    "state2_rmsd_mean": 0.19258597708540037
  }
}